{"cameraMode":{"drawMode":0,"name":"Shaded","section":"Shading Mode"},"sceneLighting":false,"audioPlay":false,"sceneViewState":{"m_AlwaysRefresh":false,"showFog":true,"showSkybox":false,"showFlares":true,"showImageEffects":true,"showParticleSystems":true,"showVisualEffectGraphs":true,"m_FxEnabled":true},"in2DMode":false,"pivot":{"x":14.699036598205567,"y":17.28377914428711,"z":16.830860137939454},"rotation":{"x":-0.06774449348449707,"y":0.9195429682731628,"z":-0.18248043954372407,"w":-0.34142836928367617},"size":1.1768043041229249,"orthographic":false}