{"cameraMode":{"drawMode":0,"name":"Shaded","section":"Shading Mode"},"sceneLighting":true,"audioPlay":false,"sceneViewState":{"m_AlwaysRefresh":false,"showFog":true,"showSkybox":true,"showFlares":true,"showImageEffects":true,"showParticleSystems":true,"showVisualEffectGraphs":true,"m_FxEnabled":true},"in2DMode":false,"pivot":{"x":14.640692710876465,"y":12.453588485717774,"z":21.91476821899414},"rotation":{"x":0.017476608976721765,"y":-0.9579285979270935,"z":0.05986182019114494,"w":0.28023001551628115},"size":1.5216118097305298,"orthographic":false}